phone,first_name,last_name,address,city,state,zip,county,email
504-845-1427,James,Butt,6649 N Blue Gum St,New Orleans,LA,70116,Orleans,jbutt@gmail.com
810-374-9840,Josephine,Darakjy,4 B Blue Ridge Blvd,Brighton,MI,48116,Livingston,josephine_darakjy@darakjy.org
856-264-4130,Art,Venere,8 W Cerritos Ave #54,Bridgeport,NJ,8014,Gloucester,art@venere.org
907-921-2010,Lenna,Paprocki,639 Main St,Anchorage,AK,99501,Anchorage,lpaprocki@hotmail.com
513-549-4561,Donette,Foller,34 Center St,Hamilton,OH,45011,Butler,donette.foller@cox.net
419-800-6759,Simona,Morasca,3 Mcauley Dr,Ashland,OH,44805,Ashland,simona@morasca.com
773-924-8565,Mitsue,Tollner,7 Eads St,Chicago,IL,60632,Cook,mitsue_tollner@yahoo.com
408-813-1105,Leota,Dilliard,7 W Jackson Blvd,San Jose,CA,95111,Santa Clara,leota@hotmail.com
605-794-4895,Sage,Wieser,5 Boston Ave #88,Sioux Falls,SD,57105,Minnehaha,sage_wieser@cox.net
410-804-4694,Kris,Marrier,228 Runamuck Pl #2808,Baltimore,MD,21224,Baltimore City,kris@gmail.com
215-422-8694,Minna,Amigon,2371 Jerrold Ave,Kulpsville,PA,19443,Montgomery,minna_amigon@yahoo.com
631-677-3675,Abel,Maclead,37275 St  Rt 17m M,Middle Island,NY,11953,Suffolk,amaclead@gmail.com
310-254-3084,Kiley,Caldarera,25 E 75th St #69,Los Angeles,CA,90034,Los Angeles,kiley.caldarera@aol.com
440-579-7763,Graciela,Ruta,98 Connecticut Ave Nw,Chagrin Falls,OH,44023,Geauga,gruta@cox.net
956-841-7216,Cammy,Albares,56 E Morehead St,Laredo,TX,78045,Webb,calbares@gmail.com
602-953-6360,Mattie,Poquette,73 State Road 434 E,Phoenix,AZ,85013,Maricopa,mattie@aol.com
931-235-7959,Meaghan,Garufi,69734 E Carrillo St,Mc Minnville,TN,37110,Warren,meaghan@hotmail.com
414-377-2880,Gladys,Rim,322 New Horizon Blvd,Milwaukee,WI,53207,Milwaukee,gladys.rim@rim.org
313-341-4470,Yuki,Whobrey,1 State Route 27,Taylor,MI,48180,Wayne,yuki_whobrey@aol.com
815-426-5657,Fletcher,Flosi,394 Manchester Blvd,Rockford,IL,61109,Winnebago,fletcher.flosi@yahoo.com
610-492-4643,Bette,Nicka,6 S 33rd St,Aston,PA,19014,Delaware,bette_nicka@cox.net
408-813-4592,Veronika,Inouye,6 Greenleaf Ave,San Jose,CA,95111,Santa Clara,vinouye@aol.com
972-896-4882,Willard,Kolmetz,618 W Yakima Ave,Irving,TX,75062,Dallas,willard@hotmail.com
518-448-8982,Maryann,Royster,74 S Westgate St,Albany,NY,12204,Albany,mroyster@royster.com
732-635-3453,Alisha,Slusarski,3273 State St,Middlesex,NJ,8846,Middlesex,alisha@slusarski.com
715-530-9863,Allene,Iturbide,1 Central Ave,Stevens Point,WI,54481,Portage,allene_iturbide@cox.net
913-899-1103,Chanel,Caudy,86 Nw 66th St #8673,Shawnee,KS,66218,Johnson,chanel.caudy@caudy.org
410-235-8738,Ezekiel,Chui,2 Cedar Ave #84,Easton,MD,21601,Talbot,ezekiel@chui.com
212-934-5167,Willow,Kusko,90991 Thorburn Ave,New York,NY,10011,New York,wkusko@yahoo.com
936-597-3614,Bernardo,Figeroa,386 9th Ave N,Conroe,TX,77301,Montgomery,bfigeroa@aol.com
614-648-3265,Ammie,Corrio,74874 Atlantic Ave,Columbus,OH,43215,Franklin,ammie@corrio.com
505-335-5293,Francine,Vocelka,366 South Dr,Las Cruces,NM,88011,Dona Ana,francine_vocelka@vocelka.com
201-387-9093,Ernie,Stenseth,45 E Liberty St,Ridgefield Park,NJ,7660,Bergen,ernie_stenseth@aol.com
732-782-6701,Albina,Glick,4 Ralph Ct,Dunellen,NJ,8812,Middlesex,albina@glick.com
212-753-2740,Alishia,Sergi,2742 Distribution Way,New York,NY,10025,New York,asergi@gmail.com
504-265-8174,Solange,Shinko,426 Wolf St,Metairie,LA,70002,Jefferson,solange@shinko.com
212-569-4233,Jose,Stockham,128 Bransten Rd,New York,NY,10011,New York,jose@yahoo.com
805-609-1531,Rozella,Ostrosky,17 Morena Blvd,Camarillo,CA,93012,Ventura,rozella.ostrosky@ostrosky.com
210-300-6244,Valentine,Gillian,775 W 17th St,San Antonio,TX,78204,Bexar,valentine_gillian@gmail.com
785-219-7724,Kati,Rulapaugh,6980 Dorsett Rd,Abilene,KS,67410,Dickinson,kati.rulapaugh@hotmail.com
541-993-2611,Youlanda,Schemmer,2881 Lewis Rd,Prineville,OR,97754,Crook,youlanda@aol.com
913-645-8918,Dyan,Oldroyd,7219 Woodfield Rd,Overland Park,KS,66204,Johnson,doldroyd@aol.com
907-335-6568,Roxane,Campain,1048 Main St,Fairbanks,AK,99708,Fairbanks North Star,roxane@hotmail.com
305-995-2078,Lavera,Perin,678 3rd Ave,Miami,FL,33196,Miami-Dade,lperin@perin.org
907-227-6777,Erick,Ferencz,20 S Babcock St,Fairbanks,AK,99712,Fairbanks North Star,erick.ferencz@aol.com
952-479-2375,Fatima,Saylors,2 Lighthouse Ave,Hopkins,MN,55343,Hennepin,fsaylors@saylors.org
617-997-5771,Jina,Briddick,38938 Park Blvd,Boston,MA,2128,Suffolk,jina_briddick@briddick.com
323-315-7314,Kanisha,Waycott,5 Tomahawk Dr,Los Angeles,CA,90006,Los Angeles,kanisha_waycott@yahoo.com
608-658-7940,Emerson,Bowley,762 S Main St,Madison,WI,53711,Dane,emerson.bowley@bowley.org
215-794-4519,Blair,Malet,209 Decker Dr,Philadelphia,PA,19132,Philadelphia,bmalet@yahoo.com
